t,i_plus,i_zero,i_minus,avg_i_plus,avg_i_zero,avg_i_minus
5.0,0.5309577784752869,0.174792341541529,0.294249879983184,0.5309577784752869,0.174792341541529,0.294249879983184
5.05026318323269,0.5286087382842606,0.1773396169001434,0.29405164481559604,0.5297832583797737,0.17606597922083622,0.29415076239939003
5.101031643983116,0.5263427100365133,0.1797820121307992,0.29387527783268746,0.5286364089320202,0.17730465685749053,0.2940589342104892
5.1523104616225694,0.5241614227236626,0.1821192943456461,0.2937192829306913,0.5275176623799308,0.17850831622952942,0.29397402139053974
5.204104766583417,0.5220666495386421,0.18435116305973617,0.29358218740162173,0.526427459811673,0.17967688559557077,0.29389565459275613
5.256419740872396,0.5200602076593029,0.18647724792060563,0.2934625444200914,0.5253662511196114,0.18081027931640992,0.2938234695639787
5.309260618589075,0.5181439579904498,0.18849710618349244,0.29335893582605777,0.5243344949583026,0.18190839744027884,0.2937571076014186
5.3626326864495235,0.5163198048675448,0.1904102199213915,0.2932699752110637,0.5233326586969579,0.18297112525041792,0.2936962160526242
5.416541284315248,0.5145896957258412,0.19221599295900146,0.29319431131515733,0.5223612183668338,0.18399833277359387,0.2936404488595723
5.470991805727441,0.5129556207392931,0.19391374751945326,0.29313063174125364,0.5214206586040797,0.1849898742481798,0.2935894671477405
5.525989698446605,0.5114196124342196,0.19550272057252904,0.29307766699325133,0.520511472588638,0.1859455875503934,0.2935429398609687
5.5815404649976,0.5099837452833951,0.1969820598728604,0.29303419484374454,0.5196341619798677,0.18686529357726564,0.2935005444428667
5.637649663220168,0.5086501352869863,0.19835081967632467,0.29299904503668905,0.5187892368496461,0.18774879558488555,0.29346196756546844
5.694322906824998,0.507420939547571,0.19960795612251597,0.29297110432991313,0.5179772156137835,0.1885958784804306,0.29342690590578585
5.751565865955366,0.5062983558473511,0.20075232227073142,0.2929493218819175,0.517198624962688,0.18940630806645065,0.2933950669708613
5.809384267754446,0.5052846222366261,0.20178266277635787,0.292932714987016,0.5164539997923091,0.19017983023581986,0.293366169971871
5.8677838969382945,0.5043820166436139,0.20269760819383684,0.2929203751625492,0.5157438831365035,0.1909161701157032,0.29333994674779323
5.926770596374621,0.5035928565168146,0.203495668891496,0.29291147459168937,0.5150688261020764,0.19161503115880282,0.2933161427391208
5.986350267667359,0.5029194985122984,0.204175228562422,0.29290527292527957,0.5144293878078775,0.19227609418004593,0.29329451801207657
6.046528871747125,0.5023643382395804,0.2047345373141697,0.29290112444624994,0.5138261353294626,0.19289901633675213,0.29327484833378525
6.107312429467599,0.5019298100811157,0.2051717043184093,0.292898485600475,0.5132596436509699,0.19348343005016438,0.2932569262988657
6.16870702220792,0.5016183871019255,0.20548468999955094,0.2928969228985235,0.5127304956260134,0.19402894186604558,0.29324056250794106
6.230718792481124,0.5014325810674437,0.20567129773889575,0.29289612119366054,0.5122392819495538,0.19453513125182167,0.2932255867986245
6.2933539445486915,0.5013749425893687,0.20572916506787853,0.29289589234275276,0.5117866011428794,0.1950015493274907,0.29321184952962986
6.356618745041295,0.5014480614211202,0.20565575432041672,0.29289618425846314,0.5113730595540091,0.19542771752720775,0.2931992229187832
6.420519523585766,0.5016545669264365,0.20544834271018206,0.29289709036338146,0.5109992713760255,0.19581312618809135,0.29318760243588315
6.485062673438377,0.5019971287467226,0.2051040117936798,0.29289885945959754,0.5106658586860514,0.19615723306237243,0.2931769082515763
6.550254652124479,0.5024784576949685,0.20461963627425478,0.2929019060307767,0.5103734515077984,0.1964594617485111,0.2931670867436906
6.616101982084581,0.5031013069064109,0.20399187209544073,0.2929068209981484,0.510122687900854,0.19671920003633622,0.29315811206280984
6.682611251326915,0.5038684732786243,0.20321714376430863,0.2929143829570671,0.5099142140801131,0.19693579816060197,0.293149987759285
6.749789114086572,0.5047827992363866,0.20229163083652224,0.2929255699270912,0.509748684569025,0.1971085669565994,0.29314274847437555
6.817642291491239,0.5058471748594964,0.2012112534845302,0.29294157165597345,0.5096267623906022,0.19723677591059724,0.2931364616988005
6.886177572233672,0.5070645404147168,0.19997165705855097,0.29296380252673226,0.5095491193004239,0.19731965109689886,0.2931312296026772
6.955401813250874,0.5084378893361902,0.1985681955365642,0.2929939151272456,0.5095164360661817,0.19735637299218317,0.2931271909416351
7.025321940410157,0.5099702717020171,0.19699591374420053,0.2930338145537823,0.5095294027986341,0.19734607415652652,0.29312452304483927
7.095944949202049,0.5116647982582162,0.19524952820800429,0.29308567353377946,0.509588719339178,0.19728783676906755,0.29312344389175427
7.167277905440215,0.5135246450449894,0.19332340648575796,0.29315194846925263,0.5096950957096054,0.1971806900046538,0.29312421428574076
7.239327945968363,0.5155530586840937,0.19121154479512564,0.29323539652078057,0.5098492526299867,0.197023607235982,0.29312714013403124
7.312102279374312,0.517753362390174,0.18890754373643934,0.2933390938733866,0.5100519221110171,0.19681550304368603,0.29313257484529676
7.38560818671118,0.5201289627731107,0.18640458187665143,0.29346645535023785,0.5103038481275695,0.19655523001451017,0.2931409218579203
7.459853022225885,0.5226833575027915,0.18369538692883502,0.2936212555683735,0.5106057873806237,0.19624157530510344,0.2931526373142728
7.5348442140949,0.52542014391216,0.180772204224642,0.293807651863198,0.5109585101551841,0.19587325694604485,0.29316823289877103
7.610589265167464,0.5283430286189287,0.1776267621351893,0.29403020924588197,0.5113628012822479,0.19544891985742027,0.2931882788603318
7.687095753716234,0.531455838250868,0.17425023404826598,0.29429392770086604,0.5118194612133529,0.19496713154357587,0.29321340724307116
7.764371334195487,0.5347625313640478,0.17063319645568262,0.2946042721802696,0.5123293072167017,0.19442637743051155,0.29324431535278667
7.842423738006949,0.5382672116476768,0.16676558264307387,0.2949672057092494,0.5128931747043316,0.1938250558046977,0.2932817694909706
7.921260774273316,0.5419741425131025,0.16263663140436993,0.29538922608252755,0.5135119187002629,0.19316147230681838,0.2933266089929186
8.000890330619558,0.5458877631678956,0.15823483012314088,0.2958774067089636,0.5141864154600052,0.19243383392799174,0.2933797506120029
8.081320373962075,0.5500127062784252,0.1535478514715214,0.2964394422500534,0.5149175642522179,0.19164024244928823,0.29344219329849375
8.16255895130578,0.5543538173255721,0.14856248287259285,0.2970836998018351,0.515706289313685,0.19077868725775435,0.29351502342856056
8.244614190549202,0.5589161757576397,0.1432645477517641,0.2978192764905962,0.5165535419890567,0.18984703746351925,0.293599420547424
8.327494301297682,0.5637051180414292,0.1376388174642934,0.2986560644942774,0.517460303066987,0.18884303323276488,0.2936966637002481
8.411207575684744,0.5687262627058238,0.13166891262663105,0.2996048246675451,0.5184275853243235,0.18776427624019634,0.29380813843548015
8.495762389201708,0.573985537460809,0.12533719239520696,0.30067727014398393,0.519456436289814,0.1866082191319558,0.2939353445782302
8.581167201535676,0.5794892084568612,0.11862463002351387,0.3018861615196249,0.5205479412383057,0.18537215387543865,0.2940799048862555
8.667430557415901,0.5852439117227353,0.1115106727820336,0.30324541549523115,0.5217032264255277,0.18405319885591356,0.29424357471855866
8.754561087468703,0.5912566867807442,0.10397308404009914,0.3047702291791567,0.5229234625721104,0.1826482845608993,0.29442825286699015
8.842567509080945,0.5975350123834318,0.09598776497772134,0.30647722263884686,0.5242098686033402,0.18115413767153415,0.2946359937251256
8.931458627272217,0.6040868442384937,0.0875285530112662,0.30838460275024016,0.5255637156480037,0.1795672633552584,0.29486902099673773
9.02124333557577,0.6109206544823428,0.07856699357120824,0.310512351946449,0.5269863312952427,0.17788392552552423,0.29512974317923296
9.111930616928316,0.6180454725167299,0.06907208135349677,0.3128824461297733,0.5284791041021524,0.17610012480139264,0.2954207710964549
9.20352954456876,0.6254709266236668,0.05900996656795243,0.3155191068083808,0.5300434883363704,0.1742115738621436,0.295744937801486
9.296049282945985,0.633207285503208,0.04834362101642501,0.31844909348036693,0.5316810089263202,0.1722136698487195,0.2961053212249603
9.38949908863575,0.6412654985115539,0.03703245803893161,0.3217020434495145,0.5333932665760894,0.17010146341419155,0.296505270009719
9.483888311266803,0.6496572328797927,0.025031899457113232,0.325310867663094,0.5351819429807617,0.16786962396869803,0.29694843305054014
9.579226394456315,0.6583949055206414,0.012292881612995151,0.3293122128663635,0.5370488060495479,0.16551240059967223,0.2974387933507799
9.67552287675471,0.6658421374145184,0.0012356473419282352,0.3329222152435534,0.5389710945773831,0.1630605087600044,0.2979683966626123
9.772787392599989,0.6564505753886085,0.01514933149133346,0.3284000931200581,0.5406987340010777,0.16088534438840632,0.29841592161051594
9.871029673281663,0.6468135930618306,0.02912393199840034,0.32406247493976903,0.5422366305092046,0.15897575870159464,0.2987876107892008
9.970259547914358,0.6369288982817156,0.04314532827793812,0.3199257734403463,0.543589377191669,0.15732103826697097,0.29908958454136
10.070486944421216,0.6267935948894102,0.057199656970606416,0.3160067481399833,0.5447612675817781,0.15591087796702216,0.29932785445119975
10.171721890527188,0.6164040936231818,0.0712732827500205,0.31232262362679764,0.5457563068323531,0.15473535581123046,0.2995083373564164
10.27397451476229,0.6057560173407402,0.08535275093850116,0.30889123172075866,0.5465782206749338,0.15378490916913828,0.29963687015592794
10.377255047474982,0.5948441000709852,0.099424719165087,0.3057311807639278,0.5472304622883939,0.15305031200692137,0.2997192257046847
10.481573821855703,0.5836620793103751,0.1134758646942021,0.3028620559954228,0.5477162171820202,0.15252265270941845,0.2997611301085612
10.586941274970684,0.572202580887045,0.12749276326389297,0.3003046558490621,0.548038406178139,0.15219331205881945,0.29976828176304143
10.693367948806195,0.5604569956347938,0.14146173424611566,0.2980812701190906,0.548199686560693,0.15205394091839472,0.29974637252091224
10.800864491323276,0.5484153470604529,0.15536864560919553,0.2962160073303515,0.548202451438895,0.15209643713237936,0.2997011114287256
10.909441657523043,0.5360661491686299,0.16919867043340597,0.2947351803979641,0.5480488273595246,0.15231292109821512,0.2996382515422602
11.01911031052273,0.5233962536520806,0.1829359844838373,0.2936677618640821,0.5477406701881816,0.1526957093905354,0.299563620421283
11.12988142264253,0.5103906858005643,0.1965633914188742,0.29304592278056146,0.547279559269816,0.15323728571187292,0.29948315501831113
11.241766076503412,0.4970324687800372,0.2100618583906148,0.292905672829348,0.5466667898735991,0.15393026830551612,0.2994029418208847
11.354775466135873,0.4833024364678235,0.22340993978165033,0.2932876237505262,0.5459033639289512,0.15476737278113217,0.29932926328991655
11.468920898099961,0.4691790359173094,0.23658306022134482,0.2942379038613458,0.5449899790716698,0.15574136906018235,0.2992686518681479
11.584213792616442,0.454638121946017,0.24955261928737296,0.2958092587666101,0.543927016046662,0.15684503082756104,0.2992279531257769
11.700665684709431,0.43965274855991243,0.26228486867345235,0.29806238276663527,0.5427145245642581,0.15807107545367607,0.2992143999820659
11.818288225360426,0.42419296534486733,0.2747394970530321,0.30106753760210064,0.5413522077916213,0.15941209179389856,0.2992357004144801
11.937093182674033,0.40822563217670976,0.2868678369490409,0.30490653087424935,0.5398394057959973,0.1608604525342979,0.29930014166970476
12.057092443055318,0.39171427353922966,0.2986105796203002,0.30967514684047015,0.5381750784672696,0.16240820677121928,0.29941671476151105
12.178298012399074,0.37461900578832974,0.3098948454820344,0.3154861487296358,0.536357788770837,0.16404694720133944,0.2995952640278236
12.300722017290973,0.3568965889954805,0.32063040494479284,0.32247300605972673,0.5343856876744045,0.1657676445391796,0.29984666778641594
12.424376706220869,0.3385006828339323,0.33070477224678335,0.33079454491928434,0.532256502839182,0.16756043940556659,0.30018305775525145
12.549274450808213,0.32674850939591993,0.3261116070494503,0.34713988355462977,0.5300467394688243,0.16926529067055457,0.30068796986062113
12.675427747039873,0.31862602208643304,0.3150330633178932,0.3663409145956738,0.5277975829009266,0.17081601165616456,0.3013864054429089
12.802849216520306,0.3115949807699745,0.30263839766844036,0.38576662156158514,0.5255217660363902,0.17220361571945167,0.3022746182441582
12.931551607734399,0.30565354122771765,0.28890595113130263,0.4054405076409797,0.5232314720279666,0.17341926504665842,0.30334926292537506
13.061547797322902,0.30080953751564726,0.27379842844951263,0.4253920340348401,0.5209384623938189,0.17445410178277032,0.30460743582341077
13.192850791370779,0.2970820577917018,0.2572611410543892,0.445656801153909,0.5186542133672668,0.17529907157125624,0.30604671506147707
13.325473726708417,0.2945033713135698,0.23921981738561182,0.4662768113008184,0.5163900634475325,0.17594473567039112,0.3076652008820765
13.459429872226005,0.2931213249913921,0.2195778643149157,0.4873008106936922,0.514157376062971,0.17638106695683636,0.3094615569801926
13.594732630201047,0.29300236350043035,0.19821293434120382,0.5087847021583658,0.5119677224732428,0.17659722405965186,0.31143505346710526
13.731395537639294,0.2942353760605521,0.17497261527153435,0.5307920086679135,0.5098330916260596,0.17658129652251348,0.3135856118514269
13.86943226762907,0.29693664083568105,0.14966901020965961,0.5533943489546593,0.5077661357931433,0.17632001218937898,0.31591385201747774
14.008856630709316,0.30125623187267847,0.12207191376331161,0.5766718543640099,0.5057804636400619,0.17579839585835907,0.318421140501579
14.149682576251276,0.3073863838433201,0.09190021408335268,0.6007134020733272,0.5038909962134264,0.17499936555573997,0.32110963823083366
14.291924193854182,0.3155724906006718,0.05881106068055473,0.6256164487187735,0.5021144065378343,0.1739032494720118,0.32398234399015385
14.435595714754857,0.32612766324450104,0.02238624208723675,0.6514860946682622,0.500469670619205,0.17248720267402326,0.3270431267067717
14.580711513251611,0.3277293264680388,0.01726721952385966,0.6550034540081016,0.4988702229881757,0.17104998060781804,0.33007979640400625
14.727286108142318,0.3164258630538151,0.05565541412134103,0.6279187228248438,0.497196421520888,0.16999131486023566,0.33281226361887634
14.87533416417708,0.30738540902621503,0.09190454090375333,0.6007100500700316,0.49547086686184555,0.16928143509699492,0.3352476980411596
15.024870493525379,0.3005333306438738,0.12616462825273117,0.573302041103395,0.49371467284186377,0.16889299539569524,0.33739233176244104
15.175910057258081,0.29584037586782463,0.15855686247219733,0.545602761659978,0.49194793804745274,0.16880070849459258,0.33925135345795476
15.32846796684424,0.29332666200555213,0.18916914752780767,0.5175041904666402,0.4901902276400023,0.16898096016745287,0.34082881219254485
15.482559485663018,0.29306804801587366,0.21804984890559628,0.4888821030785301,0.4884610857134749,0.1694113890160331,0.3421275252704921
15.638200030530792,0.2952057269090745,0.2451986826165821,0.4595955904743434,0.48678060433256704,0.1700704089603857,0.34314898670704735
15.795405173243598,0.2999602182423211,0.2705532696754572,0.42948651208222166,0.48517008376282356,0.17093664051827423,0.34389327571890227
15.954190642135066,0.30765145964603663,0.2939691550680468,0.3983793852859166,0.48365283056524416,0.1719882004716911,0.3443589689630648
16.11457232365004,0.3187274665521317,0.31518992434524795,0.3660826091026203,0.48225515798886187,0.17320177440282294,0.34454306760831527
16.276566263934043,0.3342733294664025,0.332861845252857,0.3328648252807406,0.48101161321136227,0.17454345567047028,0.3444449311181676
16.440188670438673,0.36860841606190814,0.31364703707898006,0.3177445468591118,0.48007491990178347,0.17570265218220787,0.34422242791600877
16.605455913543125,0.4028851950830603,0.2907555111416317,0.30635929377530796,0.4794369882917114,0.1766535022562527,0.343909509452036
16.772384528192074,0.4372606785939173,0.2642573575954657,0.298481963810617,0.47909128083517205,0.17737156664427903,0.343537152520549
16.94099121555,0.471925682831709,0.23406558158384197,0.294008735584449,0.47903302394083497,0.1778324935950072,0.34313448246415795
17.111292844672118,0.5071019370424628,0.19993351113569593,0.2929645518218413,0.47925938614326746,0.1780107276074321,0.3427298862493005
17.283306454192115,0.5430412875989519,0.1614407172270399,0.2955179951740083,0.47976964135491296,0.17787816752438898,0.3423521911206982
17.457049254026863,0.5800256436558202,0.11796561181586783,0.3020087445283119,0.48056532391285667,0.17740267105051183,0.34203200503663167
17.632538627098306,0.6183656889786165,0.0686416816843442,0.3129926293370392,0.4816503661574689,0.17654628530747113,0.34180334853506006
17.809792131072573,0.6583948266411188,0.012292997750124933,0.32931217560875625,0.48303118225499747,0.17526305649842938,0.3417057612465733
17.98882750011662,0.6337133712109679,0.04763930451489714,0.31864732427413495,0.48419926123915225,0.17427372508770433,0.34152701367314353
18.169662646672535,0.592735439388644,0.10210287026532887,0.30516169034602714,0.4850341549172253,0.17371856466599378,0.3412472804167811
18.3523156632497,0.5517791262570031,0.15152581768134482,0.2966950560616521,0.4855436585152389,0.17354915438366822,0.3409071871010931
18.53680482423492,0.5105083385820277,0.1964422605693493,0.29304940084862297,0.4857327848793812,0.173722587006287,0.34054462811433195
18.72314858772075,0.46853617006951215,0.23716918970339668,0.2942946402270912,0.4856034870236679,0.17419962913182918,0.3401968838445031
18.91136559735224,0.42542779638105893,0.2737702963614988,0.30080190725744227,0.48515441470543946,0.17494269381264763,0.3399028914819131
19.101474684192254,0.38070365594621824,0.3059816901846013,0.31331465386918045,0.4843807053812971,0.17591335304503247,0.3397059415736706
19.293494868605485,0.33385161129042046,0.3330737412479434,0.3330746474616361,0.4832738738070996,0.17706894413475974,0.33965718205814094
19.487445362161424,0.3133572329401209,0.3060615897896996,0.3805811772701795,0.4820336063555158,0.178010496292825,0.3399558973516595
19.683345569556487,0.3002852449226017,0.2718232203466596,0.42789153473073865,0.4807165892436831,0.17869029864104122,0.340593112115276
19.881215090555475,0.29376208145683036,0.2310169662630808,0.4752209522800888,0.47937159278478486,0.17906674948724294,0.3415616577279725
20.0810737219525,0.29365018536298765,0.18322040303340353,0.5231294116036088,0.47804501130320065,0.17909641844114407,0.3428585702556556
20.282941459551633,0.3003143801376075,0.1274359369641973,0.5722496828981952,0.4767845103729482,0.17873003204769056,0.34448545757936155
20.486838500167497,0.3147232163375336,0.06199716293538683,0.6232796207270797,0.475643233654389,0.1779079695891532,0.3464487967564582
20.69278524364598,0.32840135849731805,0.015145350179437304,0.6564532913232446,0.47461357019175215,0.17676976945342093,0.3486166603548273
20.900802294905198,0.3079192587594933,0.08955209255149202,0.6025286486890147,0.4734559708068059,0.17616409114160198,0.3503799380515925
21.11091046599701,0.296316679192052,0.15454177007591208,0.549141550732036,0.47223432051980757,0.17601497168597655,0.3517507077942163
21.323130778189267,0.29292124954158427,0.21153075282619904,0.4955479976322167,0.4710061488007786,0.17625823046090958,0.35273562073831216
21.537484464069003,0.29785163780177376,0.26125706486690486,0.4408912973313213,0.4698282269572479,0.17683645382421564,0.3533353192185367
21.75399296966675,0.3121118688368306,0.30366791999706366,0.38422021116610566,0.4687625758888668,0.17769342319024842,0.3535440009208851
21.972677956602155,0.3420883062778387,0.32882733221302,0.3290843615091413,0.46791241300557135,0.178707744727314,0.353379842267115
22.19356130425126,0.4021641545009917,0.29127387061083354,0.30656197488817477,0.46747409128220746,0.17945818556653745,0.3530677231512554
22.416665111935558,0.4615040187085024,0.2435038669557711,0.2949921143357265,0.46743455437774584,0.1798823291518966,0.3526831164703579
22.642011701132972,0.5211583271748298,0.18531506254507016,0.2935266102801,0.4677880002514108,0.17991807081895694,0.35229392892963246
22.869623617711127,0.5823269422712155,0.11512882632815873,0.30254423140062575,0.468536620787488,0.179494611704638,0.35196876750787426
23.099523634183054,0.6463243969014145,0.02982524758778768,0.32385035551079777,0.46969108686614985,0.17852273271686625,0.3517861804169842
23.331734751985604,0.6204876899096438,0.06578152341736768,0.3137307866729886,0.47066396817610784,0.17779537007622434,0.35154066174766807
23.56628020378072,0.5550994507292796,0.14770073499825942,0.29719981427246095,0.47120522126939735,0.17760245574880149,0.35119232298180136
23.80318345577983,0.4898400887405203,0.21712069688085983,0.29303921437861985,0.4713239146927803,0.1778541642910439,0.350821921016176
24.042468210091663,0.4231689409088836,0.27553985159187977,0.30129120749923666,0.4710191363776923,0.17847242813472006,0.35050843548758776
24.284158407093646,0.3533902416505082,0.32263576192731813,0.32397399642217367,0.47027933200833894,0.17937911576863577,0.35034155222302543
24.52827822782713,0.3115968583508443,0.3026421773759432,0.3857609642732125,0.46928756654797954,0.18014950990368145,0.35056292354833907
24.77485209641667,0.2955327266494052,0.24762895066959154,0.4568383226810032,0.46820834393991384,0.18056863686496039,0.35122301919512583
25.023904682513667,0.29399927485172633,0.178045617474436,0.5279551076738377,0.4671329793159127,0.18055306267119173,0.35231395801289567
25.275460903764568,0.30750931330433284,0.09135550775242463,0.6011351789432425,0.46615369302136317,0.1800058384078864,0.3538404685707506
25.529545928303882,0.3276699525447422,0.017455408974952173,0.6548746384803057,0.4653092799696764,0.17901467725280754,0.35567604277751613
25.786185177272227,0.3013881695967542,0.1213411683748069,0.5772706620284389,0.46431581869468896,0.17866514083536514,0.357019040469946
26.04540432735969,0.29289406929623857,0.20633044260993827,0.5007754880938232,0.46328315755373445,0.17883179927979026,0.35788504316647535
26.307229313374798,0.30133342629340065,0.2756893585987368,0.42297721510786257,0.4623133986839121,0.17941178466493365,0.35827481665115435
26.571686330839295,0.32950020494549337,0.3292921513438832,0.34120764371062345,0.4615228439592786,0.1803039297046893,0.35817322633603216
26.838801838609008,0.409339458192678,0.28604628534712573,0.3046142564601963,0.461214066528707,0.18092962411677474,0.35785630935451834
27.108602561520982,0.49143293605383365,0.21557004189653156,0.2929970220496348,0.46139182458473715,0.18113339128018505,0.3574747841350778
27.38111549306735,0.5746106668773937,0.12457921918805928,0.300810113934547,0.4620539230776767,0.18080266512759954,0.3571434117947238
27.65636789809604,0.6621243261589824,0.0067788101283216984,0.33109686371269587,0.46321712309559127,0.1797908985287665,0.3569919783756423
27.93438731553858,0.581789742601456,0.1157924217421969,0.3024178356563471,0.46390251395978704,0.17942096513693662,0.3566765209032764
28.215201561165355,0.4942246829022343,0.2128349266250251,0.2929403904727406,0.4640767792985367,0.17961299939836242,0.3563102213031009
28.49883873036857,0.40491438475295183,0.28928836052120843,0.30579725472583974,0.46373870847256193,0.18023971574763584,0.3560215757798023
28.78532720097324,0.3226999954985584,0.3209396645928439,0.3563603399085978,0.462937352148846,0.1810391472751654,0.35602350057598864
29.07469563607633,0.2963842512005745,0.25323871748038873,0.4503770313190368,0.46199637417738687,0.18144705445146608,0.3565565713711471
29.366972986914494,0.2955873038928634,0.16080791676430062,0.543604779342836,0.46106149176005806,0.18133110423974041,0.3576074040002015
29.66218849576063,0.32141423608535663,0.03801307628937974,0.6405726876252636,0.46028133949371897,0.18053044486571607,0.359188215640565
29.96037169884962,0.3049057657037025,0.10332276419789548,0.591771470098402,0.4594181418615522,0.1801015133064504,0.3604803448319975
30.261552429333378,0.2929563326622537,0.21372395466653313,0.4933197126712132,0.45849846335768873,0.18028727265098127,0.3612142639913301
30.56576082026563,0.3093219390765676,0.2978317266541189,0.39284633426931354,0.45767881212537487,0.18093312129935016,0.36138806657527506
30.873027307616734,0.3801498260085647,0.30634261501933574,0.31350755897209953,0.4572551564635344,0.18161841907924076,0.361126424457225
31.18338263331884,0.4843463295340352,0.22241383148375019,0.29323983898221456,0.4574023910997871,0.18184013327709134,0.36075747562312166
31.496857848341563,0.5893349639151553,0.106393811143456,0.3042712249413887,0.45811554014203226,0.18143231531961224,0.3604521445383555
31.8134843157986,0.6326944899014326,0.04905645047166075,0.3182490596269066,0.4590541366461151,0.18072061712150497,0.36022524623238
32.133293714085646,0.5228576353109066,0.1835098731547555,0.2936324915343379,0.4593953318261408,0.1807355329291694,0.35986913524468994
32.45631804004982,0.4127191098364793,0.28353091165330624,0.3037499785102144,0.4591470540496,0.18128231685855312,0.35957062909184695
32.782589612190925,0.3169444289297563,0.31235191059674244,0.3707036604735012,0.45839465920769606,0.18197580677251177,0.3596295340197922
33.112141073894854,0.29318129518060637,0.2210896283605471,0.48572907645884655,0.45752511518650085,0.18218166899139615,0.36029321582210305
33.445005396699614,0.3076482125284536,0.09074223480804282,0.6016095526635036,0.456740419361066,0.1817029284982896,0.3615566521406444
33.78121588359412,0.3099246055195793,0.08099755545550293,0.6090778390249177,0.45597575366397497,0.18117842134702508,0.36284582498900003
34.12080617235016,0.29305671527460275,0.21769484697620262,0.48924843774919463,0.45513161356869325,0.18136762562489644,0.36350076080641036
34.463810238887746,0.3185329540341024,0.31488868076047133,0.36657836520542625,0.45442749676696853,0.18205587848642002,0.3635166247466115
34.81026240067451,0.42811808200563384,0.27164329141455035,0.3002386265798158,0.4542925766912694,0.18251530111682068,0.36319212219190994
35.16019732015912,0.5530405292902545,0.15007639164481967,0.29688307906492584,0.45479639277595807,0.1823497964766574,0.36285381074738454
35.51365000823926,0.6489057528967211,0.026115841949341016,0.3249784051539379,0.45578171947707874,0.18155673071763548,0.3626615498052858
35.870655827764416,0.5175728388773245,0.1890970916189314,0.2933300695037441,0.45609379583768606,0.18159481334845012,0.3623113908138639
36.23125049707394,0.38574745075197714,0.30265120553713576,0.3116013437108871,0.45574029661614984,0.18220313692728773,0.3620565664565625
36.595470093570704,0.30208631374675404,0.27827688224620584,0.4196368040070401,0.45497202670180287,0.18268350565388233,0.3623444676443149
36.96335105733063,0.29716886935936726,0.14792939204152367,0.5549017385991091,0.4541869363667659,0.1825105996160099,0.3633024640172243
37.3349301947484,0.3195784460790482,0.04435813312058165,0.6360634208003701,0.4535205577019752,0.1818266765145474,0.36465276578347755
37.71024468222005,0.29292978917293466,0.21215533427538746,0.4949148765516779,0.45272947017227544,0.1819760787695269,0.3652944510581977
38.08933206986244,0.3250594062214884,0.32402982019999077,0.3509107735785208,0.4521036365254579,0.18267242063928407,0.3652239428352581
38.47223028527009,0.4641066789809384,0.24117577437547766,0.29471754664358396,0.45216218795206997,0.18295780285263136,0.3648800091952987
38.858977637309856,0.6109299762504459,0.078554672409806,0.3105153513397481,0.4529329053709941,0.1824509915398021,0.3646161030892038
39.24961281995366,0.5681109761930595,0.13240439825924824,0.29948462554769223,0.45348932117206686,0.18220922055777045,0.3643014582701627
39.64417491614994,0.41717604443460116,0.2801620262090442,0.30266192935635466,0.45331473811082906,0.18268014750801692,0.364005114381154
40.042703401733796,0.30477359876152416,0.2864959224955685,0.40873047874290735,0.4526040149560477,0.18317687370412963,0.3642191113398227
40.44523814937652,0.29880078241504765,0.13670248410855568,0.5644967334763966,0.45187161861061437,0.18295556708700783,0.36517281430237786
40.851819432574885,0.3086335503873331,0.08645593452963118,0.6049105150830357,0.45119276520671253,0.18249822285687808,0.3663090119364094
41.262487929680525,0.29733469155115927,0.2586182543163083,0.4440470541325324,0.4504670195762618,0.18285727960904521,0.366675700814693
41.67728472796977,0.391415668265511,0.2988153697236169,0.3097689620108721,0.4501897831851315,0.18340168378798688,0.36640853302688164
42.09625132775436,0.5573651512987204,0.14507237534186976,0.29756247335940983,0.4506906026622978,0.18322257487001437,0.3660868224676878
42.5194296465336,0.6019596269544333,0.09028922204614508,0.30775115099942163,0.4513941795194706,0.18279032671734521,0.36581549376318423
42.946862023188224,0.43097977728725856,0.2693575826424878,0.2996626400702536,0.45129966839802516,0.18319110105033196,0.3655092305516429
43.378591222216336,0.3031525881458529,0.2817110807359975,0.4151363311181496,0.45061696295907505,0.18364511017330737,0.3657379268676176
43.81466043801199,0.30479282583430856,0.10386445418058808,0.5913427199851033,0.4499480448988697,0.18327914386141417,0.36677281123971617
44.255113299186746,0.29754218370632746,0.14521702520931992,0.5572407910843526,0.44925212772447454,0.18310534423286579,0.36764252804265973
44.699993872934826,0.31535039312396446,0.3096594380984038,0.37499016877763175,0.4486434834762904,0.18368059011407278,0.36767592640963687
45.14934666944192,0.48099125454854214,0.2256043406774141,0.2934044047740438,0.4487898534811422,0.1838702903428662,0.3673398561759916
45.6032166463384,0.6621871342823361,0.0066855493776911456,0.3311273163399727,0.4497511024937602,0.18307216087905911,0.3671767366271807
46.061649213197384,0.4697902010949364,0.23602474356140285,0.29418505534366074,0.44984096392246503,0.18330961640678262,0.36684941967075235
46.52469023607793,0.3085588750645091,0.29610528008887393,0.395335844846617,0.449210240311492,0.18381316847679194,0.36697659121171605
46.992386042113964,0.30483349144050065,0.10366917150208692,0.5914973370574125,0.4485685658720654,0.18345697293468213,0.3679744611932525
47.46478342414918,0.294856236040496,0.1679129155336133,0.5372308484258908,0.4478884228197133,0.18338819391963315,0.36872338326065357
47.94192964541878,0.3338428958716492,0.33307811406533033,0.33307899006302044,0.44738601961729896,0.18404762088062743,0.3685663595020736
48.42387244427804,0.5412101704940405,0.16349078998189367,0.2952990395240658,0.44779752905096887,0.18395745934159788,0.3682450116074333
48.910660038978655,0.578237679422561,0.12015886340761732,0.3016034571698217,0.44836713669451295,0.18367886285280322,0.36795400045268384
49.40234113249286,0.3661812329858212,0.3151300579741994,0.31868870903997937,0.4480098066783882,0.18425038978811362,0.36773980353349817
49.89896491738613,0.2934026930294703,0.18762040282371162,0.5189769041468181,0.44734051181410717,0.18426497858913354,0.36839450959675923
50.40058108073892,0.30477179352662065,0.10396556098299196,0.5912626454903873,0.4467259914766611,0.18391886040979671,0.36935514811354214
50.90723980911797,0.3173741181575244,0.3130519249450373,0.3695739568974382,0.44617083322207257,0.18447307957089215,0.3693560872070353
51.418991793597215,0.5254032284999738,0.18079033700707342,0.29380643449295274,0.4465094332018926,0.18445734135480749,0.36903322544329986
51.93588823482957,0.5747482006216846,0.12441230527638225,0.30083949410193317,0.4470551300845301,0.18420183056298436,0.36874303935248554
52.45798084816948,0.34199642503513744,0.3288759477725719,0.3291276271922907,0.44660996608008346,0.184814856483364,0.36857517743655255
52.98532186884718,0.2983108009888762,0.13991433360808356,0.5617748654030402,0.4459842312062809,0.18462540280034592,0.36939036599337316
53.51796405719457,0.2940054349812794,0.1779617791776065,0.528032785841114,0.4453456648355876,0.184597404381763,0.3700569307826494
54.05596070392403,0.38451203667994943,0.3034741991244984,0.31201376419555216,0.44509113082656815,0.18509479682838534,0.3698140723450465
54.59936563546007,0.6306703052842796,0.051862142760372966,0.3174675519553474,0.4458643773868086,0.1845396607697686,0.36959596184342275
55.14823321932483,0.45018332972533964,0.25340504334906777,0.2964116269255926,0.4458822983508689,0.18482540924520138,0.36929229240392963
55.702618369577245,0.29382533013976375,0.23183919447872778,0.4743354753815085,0.4452539637714842,0.18501968108500935,0.36972635514350644
56.26257655230738,0.30666250015394664,0.09514607632234656,0.5981914235237068,0.4446836285302598,0.1846498308596486,0.3706665406100916
56.82816379118571,0.3319428572225115,0.33191631094329227,0.33614083183419624,0.44422157618883457,0.18525338200753239,0.370525041803633
57.39943667306845,0.5966850456948996,0.0970757227822105,0.3062392315228899,0.44484387606436954,0.18489347319436777,0.37026265074126263
57.97645235365878,0.4644644526743865,0.2408542339861458,0.2946813133394677,0.4449236345058737,0.18512095596181405,0.36995540953231226
58.559268563225444,0.29351766576101046,0.2274908016774855,0.478991532561504,0.4443106548753277,0.1852924937987196,0.37039685132595274
59.14794361237853,0.3006688339708052,0.12538550956362968,0.5739456564655652,0.44373145398458363,0.1850509333784168,0.3712176126369996
59.7425363979037,0.3761229276414124,0.3089383410694457,0.3149387312891419,0.44345993379846654,0.1855484731683406,0.37099159303319296
60.3431064086544,0.6622973609291993,0.006521847280937592,0.3311807917898631,0.4443352835069895,0.18483236666479097,0.3708323498282196
60.94971373150399,0.38036620893783374,0.306201713464741,0.31343207759742525,0.444080426636196,0.1853159098791334,0.3706036634846706
61.56241905735725,0.3025245071610423,0.11523214390102515,0.5822433489379325,0.4435186967970089,0.18503779969668058,0.37144350350631056
62.18128368722277,0.2963910803469896,0.25328028053996166,0.4503286391130488,0.4429371647161788,0.18530753282254336,0.3717553024612779
62.806369538345734,0.5216349550455828,0.18480956325741266,0.29355548169700457,0.4432469985363733,0.1853055723124444,0.37144742915118234
63.437739150402926,0.5020083514592696,0.20509272550839575,0.2928989230323347,0.4434774352145023,0.1853831689916442,0.3711393957938535
64.07545569175973,0.2935349638087657,0.22776236747144452,0.4787026687197898,0.4428917224355736,0.18554871273570592,0.3715595648287205
64.71958296579034,0.29474907614747387,0.1690491669534586,0.5362017568990676,0.4423152919052697,0.18548451216845982,0.37220019592627046
65.37018541726091,0.4533474149042079,0.2506746533633712,0.29597793173242093,0.4423580520719323,0.18573718713433154,0.3719047607937362
66.02732813877746,0.5525664212943743,0.15062170623950608,0.2968118724661197,0.44278356701101507,0.18560160612701562,0.37161482686196934
66.69107687729833,0.29700821248310566,0.2568552569734828,0.44613653054341146,0.4422228925705231,0.18587565863027125,0.3719014487992056
67.36149804071208,0.2965059491320022,0.15301573674532282,0.550478314122675,0.4416645901052414,0.1857497585464209,0.3725856513483377
68.03865870448185,0.4576371017140075,0.24692713928720972,0.29543575899878277,0.4417255538900077,0.18598325999963,0.37229118611036227
68.72262661835582,0.529480971083249,0.17639560785104125,0.29412342106570977,0.4420592246778147,0.18594680504849467,0.3719939702736906
69.41347021314586,0.2930899326924203,0.21870321657300376,0.4882068507345759,0.4414949470566579,0.1860708823648754,0.3724341705784666
70.11125860757384,0.29305722560529124,0.2177111013564964,0.48923167303821236,0.44093480471155844,0.186190279417674,0.3728749158707676
70.81606161518725,0.538335978349634,0.1666893442650596,0.2949746773853064,0.44130097453726547,0.18611696763138597,0.37258205783134857
71.52794975134358,0.42884491943383696,0.2710650097850917,0.30009007078107136,0.44125432264549236,0.1864351250926358,0.3723105522618719
72.24699424026568,0.310103560674098,0.08025405927730478,0.6096423800485972,0.44076495413067374,0.18603892708586214,0.37319611878346415
72.97326702216752,0.3274742817671678,0.32697499520655776,0.34555072302627443,0.44034379921482425,0.18656285298965655,0.3730933477955192
73.70684076045218,0.6279794794450387,0.055571912684297675,0.3164486078706636,0.44103874617863986,0.18607770135889595,0.3728835524624642
74.44778884898125,0.30050758273041484,0.2726715064356596,0.42682091083392554,0.4405201809998642,0.18639723569497257,0.3730825833051633
75.19618541941824,0.2931774900877687,0.19264613023733348,0.5141763796748978,0.4399784799303344,0.18642020957196656,0.37360131049769907
75.95210534864529,0.5500112049633364,0.15354956622578428,0.29643922881087925,0.44038153020518056,0.18629980428498422,0.3733186655098353
76.7156242662548,0.3789438801862273,0.30712523565507555,0.31393088415869713,0.4401573052051114,0.1867407730126123,0.37310192178227636
77.4868185621158,0.3182996815182647,0.04887585578396892,0.6328244626977664,0.4397141865735229,0.18623944604087175,0.3740463673856054
78.26576539401698,0.4499199489121871,0.25363102789481307,0.2964490231929998,0.43975116397330066,0.1864836184388933,0.3737652175878062
79.05254269538615,0.4634339156587575,0.24177941586008034,0.29478666848116214,0.4398366612718041,0.1866832422562983,0.3734800964718977
79.8472291830878,0.3175129838234868,0.051698116130523324,0.6307889000459899,0.43939664804357276,0.18619768424865163,0.3744056677077757
80.64990436529824,0.4007007016187093,0.29232115855740864,0.30697813982388206,0.4392579528950965,0.18657805512431025,0.3741639919805933
81.46064854946064,0.4943381954742766,0.21272325018587607,0.29293855433984733,0.439454668047165,0.1866714308209587,0.37387390113187635
82.27954285031963,0.3125911030670574,0.07021459583976848,0.6171943010931741,0.43900319628566997,0.1862569936857943,0.3747398100285358
83.10666919803715,0.4058208789636258,0.288628965389177,0.3055501556471973,0.4388855284937478,0.18662001486204743,0.3744944566442048
83.94211034638906,0.4710523062634203,0.23486841311990136,0.2940792806166783,0.4389991920194357,0.18679050390182783,0.3742103040787365
84.78594988104491,0.3306271038777914,0.008220908953314478,0.6611519871688942,0.438617600159782,0.18616173772243164,0.3752206621177864
85.63827222793057,0.4670698996628067,0.238501653748727,0.2944284465884663,0.43871743278961717,0.18634538655059407,0.37493718065978876
86.49916266167527,0.39037527217417706,0.29952677746637046,0.3100979503594525,0.4385484042559968,0.18674112567967022,0.37471047006433306
87.36870731414288,0.29973516041228854,0.13087768502291916,0.5693871545647923,0.43806473441682003,0.1865464795449777,0.37538878603820225
88.2469931830497,0.585900095225554,0.11069329211061754,0.30340661266382846,0.4385780516418504,0.18628310042194174,0.3751388479362079
89.13410814066833,0.30186954601134924,0.277546665222883,0.4205837887657677,0.43810501182998013,0.18659889130360588,0.375296096866414
90.03014094261971,0.30431489788471305,0.28518995867302566,0.4104951434422613,0.4376436666094792,0.18693886050143146,0.37541747288908933
90.93518123675248,0.562068918938616,0.13956837953088738,0.2983627015304966,0.43807124479617726,0.18677607534345708,0.37515267986036566
91.84931957211265,0.31402128185151457,0.0646667272997636,0.6213119908487219,0.4376464161559558,0.1863578926446773,0.3759956911993669
92.77264740800275,0.4829355474797635,0.2237593010371683,0.2933051514830682,0.43780098657003025,0.18648554250267219,0.37571347092729757
93.70525712313281,0.32531875599268306,0.3243562569265402,0.35032498708077675,0.43741839394901894,0.18695449051091662,0.37562711554006456
94.6472420248621,0.2973878265048854,0.2588977562693514,0.4437144172257632,0.4369437140593778,0.18719836598806386,0.37585791995255846
95.59869635853498,0.5592720648796027,0.14284875424614882,0.2978791808742485,0.4373569855148515,0.1870485362186655,0.37559447826648307
96.55971531690996,0.3310970897752367,0.0067781177147306455,0.6621247925100326,0.43699920808811876,0.18644156511259163,0.3765592267992896
97.53039504968402,0.5582496551444555,0.14404227514600723,0.29770806970953734,0.43740608878293874,0.18629928561605946,0.37629462560100185
98.5108326731118,0.2946047254465319,0.24016240441514447,0.46523287013832365,0.43692849225004105,0.18647942982608984,0.3765920779238692
99.50112627972253,0.3785246919568928,0.30739622117498167,0.3140790868681256,0.43673381291573055,0.18688248579725283,0.37638370128701665
100.50137494813377,0.36994772273806675,0.3128207668379904,0.3172315104239428,0.43651193221746587,0.18730088540203932,0.3761871823804948
101.51167875296485,0.29779194998816516,0.2609611541790892,0.4412468958327456,0.43605259452796485,0.18754479357679776,0.3764026118952374
102.5321387748485,0.5030010586451344,0.20409298552014976,0.2929059558347158,0.4362735465547542,0.1875994080716603,0.3761270453735855
103.56285711054448,0.29745107064627324,0.14587000088850158,0.5566789284652252,0.4358168936734763,0.1874621402848736,0.3767209660416501
104.60393688315403,0.6028498372103037,0.0891355831358391,0.30801457965385715,0.436364542668679,0.18713975813028663,0.3764956992010344
105.65548225243778,0.3217790359425884,0.03677075388960176,0.6414502101678099,0.4359900802283977,0.18664835615564385,0.37736156361595846
106.71759842523629,0.661314052051579,0.0079807658137627,0.33070518213465827,0.43672403453401065,0.18606637703400905,0.3772095884319803
107.79039166599637,0.32111427430727263,0.039039074945097944,0.6398466507476295,0.4363486781696381,0.1855890156635905,0.3780623061667714
108.87396930740255,0.627622217489502,0.05606275324345517,0.31631502926704286,0.4369676863875017,0.18516983682080687,0.3778624767916913
109.9684397611162,0.31517334614874287,0.06030265179765604,0.624524002053601,0.43657480141898963,0.18476703944976447,0.3786581591312459
111.07391252862142,0.6306124640022048,0.05194212611828187,0.31744540987951336,0.437198716732762,0.18433994969628703,0.37846133357095096
112.19049821218101,0.3237603264652173,0.03012344593228386,0.6461162276024989,0.43683513214857117,0.18384566603037675,0.37931920182105205
113.31830852590204,0.6618779214588807,0.007144557302711384,0.33097752123840796,0.43755411869588845,0.18328112574690178,0.37916475555720974
114.45745630691323,0.31612943108462704,0.05674652521913866,0.6271240436962343,0.43716741586910096,0.1828781493121,0.379954434818799
115.60805552665364,0.583659046880519,0.11347962494172778,0.30286132817775324,0.4376324686659626,0.18265783653632103,0.3797096947977163
116.7702213022759,0.29430800968305293,0.17407858491270503,0.5316134054042421,0.4371789102514597,0.18263068700586654,0.3801904027426737
117.9440699081634,0.4705338928906463,0.23534392731880058,0.29412217979055316,0.437284131016883,0.18279697483019758,0.37991889415291935
119.12971878756406,0.3074755750187873,0.2935440290302306,0.39898039595098217,0.4368759280105997,0.18314523600692723,0.379978835982473
120.3272865643397,0.32445604883179224,0.3232605210580582,0.35228343011014956,0.4365235145962461,0.1835844688754261,0.37989201652832777
121.53689305483488,0.4451917297099012,0.25765399092558433,0.2971542793645145,0.4365506027684763,0.18381593613183284,0.37963346109969087
122.75865927986418,0.2958445973507187,0.1585200604251423,0.545635342224139,0.4361122663030004,0.18373713278072162,0.380150600916278
123.99270747682083,0.6593797448516266,0.010841258894198118,0.3297789962541753,0.4368056435655738,0.1832001890729995,0.3799941673614267
125.23916111190579,0.2963031316361821,0.15465241172009736,0.5490444566437205,0.43637065126857877,0.18311180586138062,0.38051754287004064
126.49814489248102,0.41751873802964545,0.27990056400289476,0.30258069796745984,0.4363124663511747,0.1834105365963853,0.38027699705244006
127.76978477954627,0.39703340523085173,0.29491728717670124,0.30804930759244703,0.43619160770157367,0.18375363429047856,0.38005475800794775
129.0542080003413,0.2964601691565889,0.15338154928979092,0.5501582815536202,0.4357629836569572,0.1836604683855685,0.38057654795747436
130.3515430610755,0.6138510677701884,0.07468060814252947,0.31146832408728214,0.43630759553497933,0.18332719664170596,0.3803652078233148
131.66191975978404,0.2982378943872307,0.263121486011908,0.4386406196008613,0.435886651324163,0.1835704719141761,0.38054287676166093
132.9854691993148,0.30199454373571866,0.2779691449776355,0.42003631128664587,0.4354796844317969,0.18385739797211975,0.3806629175960834
134.32232380044476,0.6178401957649279,0.0693478254666467,0.3128119787684254,0.4360322920418973,0.18351039926755772,0.38045730869054506
135.67261731512926,0.2928977961071035,0.20530314166375935,0.5017990622291372,0.4355998615405837,0.1835762383684526,0.38082390009096373
137.0364848398831,0.31012551813815403,0.2995859199069504,0.3902885619548956,0.43522192677129934,0.18392566512007458,0.3808524081086262
138.41406282929725,0.623377753780701,0.061863707124911044,0.31475853909438795,0.43578695928484107,0.1835591126936627,0.38065392802149633
139.80548910969114,0.2949770897209449,0.24338106444248808,0.4616418458365671,0.43536537284902105,0.18373822033362924,0.3808964068173498
141.2109028929024,0.29445646704377837,0.23877245938827052,0.4667710735679511,0.4349447492496024,0.1839025016442401,0.3811527491061576
142.63044479021434,0.5934088298843124,0.1012490578556075,0.30534211226008007,0.43541636853720567,0.18365650925201202,0.38092712221078234
144.06425682642447,0.3574940242472842,0.3202847698659078,0.32222120588680797,0.4351851449636451,0.18406193435769125,0.38075292067866373
145.51248245405392,0.3270886108791278,0.0193043215891046,0.6536070675317677,0.43486533273262573,0.1835744857992043,0.38156018146816995
146.97526656770026,0.3700638110059576,0.31274888188969224,0.31718730710435017,0.43467417780127865,0.18395553121540043,0.3813702909833209
148.45275551853345,0.6197092125244744,0.066832416856833,0.3134583706186926,0.43521839849164096,0.18361105146728698,0.38117055004107203
149.9450971289386,0.31455882611297376,0.3082629902316307,0.37717818365539557,0.4348645581034337,0.18397659967480706,0.38115884222175916
151.45244070730556,0.3209806629098371,0.03949740358572116,0.6395219335044418,0.43453156425783845,0.18355414588507288,0.3819142898570887
152.97493706296746,0.33146516606306187,0.33141696281072,0.3371178711262181,0.4342310791319061,0.18398523281488527,0.3817836880532086
154.5127385212885,0.6182507503105618,0.06879620594641656,0.31295304374302163,0.4347660200364952,0.18365038099259323,0.38158359897091154
156.06599893890456,0.4388543015468636,0.262945105065422,0.2982005933877144,0.4347778701278296,0.18388022077251445,0.38134190909965593
157.63487371911623,0.2929957834074387,0.21552001721078518,0.4914841993817761,0.4343680953107186,0.18397166527089096,0.3816602394183904
159.2195198274374,0.3050938881869247,0.10242504411586058,0.5924810676972148,0.4339955471633878,0.18373666059897445,0.3822677922376377
160.8200958072989,0.3206585222089685,0.3180771194854019,0.3612643583056296,0.4336698660571969,0.18412269640037227,0.38220743754243075
162.43676179591114,0.5250383682059568,0.1811812578560536,0.29378037393798956,0.4339316669229527,0.18411426820970087,0.38195406486734634
164.06967954028553,0.6015871017740944,0.09077127472342421,0.3076416235024815,0.4344106824510988,0.1838475739425972,0.38174174360630386
165.71901241341797,0.4148836889127378,0.2819020939314537,0.3032142171558085,0.4343550499908756,0.18412693154940304,0.3815180184597213
167.3849254306332,0.29997646589796284,0.2706176262886147,0.42940590781342247,0.4339732926497026,0.18437264375036672,0.38165406359993065
169.06758526609522,0.30342430177573404,0.11060391028375505,0.5859717879405109,0.4336034654800879,0.18416366716830831,0.38223286735160367
170.7671602694827,0.30724903574342194,0.09251099837075658,0.6002399658858215,0.43324653206275265,0.18390476132424743,0.3828487066129998
172.48382048283295,0.29385647232862805,0.23223297312188274,0.4739105545494892,0.43285388400716357,0.1840408971321281,0.38310521886070825
174.21773765755358,0.32052473942183624,0.3178829378620422,0.3615923227161216,0.4325383527021486,0.18441685792069526,0.383044789377156
175.96908527160687,0.40430258055157287,0.28973200635445706,0.3059654130939701,0.4324592609034075,0.1847118583364761,0.38282888076011623
177.73803854686585,0.4836799886036117,0.2230500266469389,0.2932699847494494,0.43260233556178795,0.18481894819209194,0.38257871624612
179.52477446664588,0.5463631161022874,0.15769719589560643,0.2959396880021061,0.4329192179588367,0.18474340013555576,0.3823373819056074
181.32947179341076,0.5934124780451702,0.10124442855759391,0.305343093397236,0.43336503257018766,0.1845114585478392,0.38212350888197305
183.1523110866586,0.6243979495531485,0.06047452054179156,0.3151275299050599,0.43389420962554215,0.18416786592178366,0.3819379244526741
184.9934747209863,0.6384348686820145,0.04102931305679271,0.3205358182611928,0.43445923907044953,0.18377245555475333,0.38176830537479706
186.85314690433694,0.63487500171937,0.04601960673512496,0.3191053915455051,0.43501134860942725,0.18339297112274333,0.3815956802678293
188.73151369642844,0.6136214680485973,0.07498605732196031,0.31139247462944236,0.43550203575074364,0.18309514993098294,0.3814028143182732
190.62876302736976,0.5750723993123139,0.12401863175802175,0.30090896892966434,0.4358844203084466,0.18293329645653647,0.3811822832350168
192.54508471646272,0.5196456870009885,0.18691506336979058,0.2934392496292209,0.4361132762283716,0.18294417560110823,0.38094254817052003
194.48067049119422,0.44681156877692574,0.256283006346547,0.2969054248765273,0.43614242688926685,0.18314400892739008,0.3807135641833429
196.43571400641733,0.35363781352370477,0.3224954727000666,0.3238667137762286,0.4359182295703387,0.1835226813832941,0.38055908904636704
198.4104108637271,0.30056708749174366,0.27289583138648293,0.42653708112177346,0.4355514243072531,0.1837648850418393,0.38068369065090746
200.4049586310303,0.297027282381396,0.14898494917095292,0.5539877684476511,0.4351770347344805,0.18367088521516123,0.38115208005035817
202.41955686231253,0.3164147422151295,0.05569625251234502,0.6278890052725254,0.4348569207384715,0.1833259401135364,0.381817139147992
204.45440711760264,0.29496683994138834,0.24329700211457916,0.4617361579440325,0.43448087213417824,0.18348715264579726,0.3820319752200244
206.50971298313925,0.39505183953131745,0.2963031830355829,0.30864497743309965,0.43437516427197215,0.18378960849134626,0.3818352272366814
208.58568009173942,0.5994435868623911,0.09353689342827645,0.3070195197093325,0.4348165236906631,0.18354829107139153,0.3816351852379452
210.6825161433727,0.504877991252941,0.20219513820586713,0.2929268705411919,0.4350033542708292,0.18359801599708347,0.38139862973208716
212.80043092594045,0.3042506404363295,0.28500413161184257,0.410745227951828,0.4346556076914821,0.18386771311308017,0.38147667919543754
214.93963633626566,0.3280431233777579,0.016274578399096525,0.6556822982231456,0.43437281595590194,0.18342316898917038,0.3822040150549275
217.10034640129297,0.31773678943195605,0.3136346524901469,0.3686285580778971,0.43406425503917195,0.18376764381324706,0.3821681011475808
219.28277729950273,0.607309340017274,0.08332038066531731,0.3093702793174087,0.4345213660813306,0.1835026114566562,0.3819760224620131
221.48714738253835,0.39524185785961835,0.29617079990026907,0.3085873422401126,0.43441799895443134,0.18379910668940255,0.381782894356166
223.71367719705324,0.3149413336101638,0.06117439861507166,0.6238842677747646,0.4341044119062836,0.18347725706191084,0.3824183310318054
225.9625895067759,0.3328921250370281,0.3328894830538392,0.3342183919091327,0.43383945827573583,0.1838683885435651,0.3822921531806989
228.2341093147984,0.603376961090593,0.08845134696809584,0.30817169194131117,0.4342821149410488,0.1836192578867101,0.382098627172241
230.5284638860863,0.2934334255277396,0.22610724793219666,0.48045932654006374,0.433915321479035,0.1837299036941202,0.3823547748268447
232.8458827702177,0.30339939197181265,0.2824714205745925,0.41412918745359484,0.43357631906473054,0.18398637516653701,0.38243730576873236
235.18659782434912,0.6143116382091479,0.0740673989062205,0.3116209628846316,0.43404454528013064,0.18370161097933413,0.3822538437405352
237.55084323641256,0.2947994625689124,0.16851128827751946,0.5366892491535682,0.43368473886485615,0.18366235949948445,0.38265290163565935
239.93885554854697,0.3822512789100177,0.3049681019017774,0.3127806191882049,0.43355217840105503,0.18397500316546975,0.38247281843347514
242.3508736807627,0.42032047169805686,0.27774997284114555,0.3019295554607976,0.4335181637308674,0.18421606992556147,0.38226576634357107
244.78713895484645,0.29394640167850683,0.1787743360764143,0.5272792622450789,0.4331602874179126,0.18420211676184572,0.38263759582024165
247.2478951185049,0.611334652804517,0.07801953059455052,0.31064581660093243,0.4336159763319448,0.1839305500453053,0.3824534736227498
249.73338836975262,0.33003523071455343,0.010047278190353549,0.659917491095093,0.43335173973598207,0.18348697027016514,0.3831612899938527
252.24386738154251,0.6233910257564816,0.06184565563581406,0.3147633186077043,0.4338353002602073,0.18317745038559938,0.38298724935419326
254.77958332664673,0.31114801411433307,0.07597386235995252,0.6128781235257145,0.43352391120907563,0.1829053600606612,0.3835707287302631
257.3407899027856,0.6281598836739941,0.05532390430735705,0.3165162120186488,0.43401666050645515,0.18258236903343764,0.3834009704601071
259.9277433580114,0.33151269002823863,0.005507684854511999,0.6629796251172494,0.4337578120961566,0.1821352107400565,0.38410697716378683
262.54070251634414,0.5947362050862751,0.0995620758360547,0.3057017190776702,0.43416329923215186,0.18192721795692302,0.3839094828109251
265.1799288036678,0.2929055070918686,0.20414677353610267,0.5029477193720288,0.4338083801564225,0.18198304598601645,0.384208573857561
267.84568627388563,0.3844853197728765,0.3034919453340824,0.3120227348930411,0.43368476346373186,0.18228757956834243,0.3840276569679256
270.53824163533966,0.431950424777067,0.2685768842009319,0.2994726910220011,0.4336804276170152,0.1825033028299239,0.3838162695530608
273.25786427749307,0.30817686813124334,0.08842885201898706,0.6033942798497696,0.4333674511594447,0.18226870320196648,0.3843638456385888
276.0048262978837,0.5257861385997401,0.1803796706208919,0.293834190779368,0.4335973483918832,0.1822640041159439,0.3841386474921728
278.7794025293469,0.3715263424520434,0.3118396199959708,0.3166340375519858,0.433443326044638,0.18258553169877273,0.3839711422565892
281.5818705675134,0.31626392518094193,0.05625082078741041,0.6274852540316477,0.43315327802269815,0.18227282201829906,0.3845738999590027
284.4125107985812,0.41897920707761654,0.2787824013736198,0.3022383915487636,0.43311828031666094,0.18251111727596653,0.3843706024073725
287.2716064273689,0.5640373017347529,0.1372461273957696,0.2987165708694776,0.43344074096054785,0.1823996271531089,0.3841596318863432
290.15944350565024,0.3011468922777982,0.27502506393648246,0.42382804378571937,0.433115694649288,0.18262720807886657,0.3842570972718454
293.07631096077426,0.3129636542878248,0.06875477557028782,0.6182815701418873,0.4328212043542844,0.18234810897958084,0.3848306866661347
296.02250062457074,0.32141058531904193,0.31915329034422146,0.3594361243367366,0.43254880675273116,0.1826825959755824,0.3847685972716863
298.99830726254913,0.5379542302978093,0.16711239974860104,0.29493336995358965,0.4328058931516216,0.1826446198872239,0.3845494869611543
302.0040286033892,0.5931637201654286,0.10155999649456525,0.30527628334000617,0.4331960581808523,0.1824473336989206,0.3843566081202269
305.0399653687298,0.4275631033852212,0.2720838018588738,0.300353094755905,0.4331823859604745,0.18266489794202728,0.38415271609749796
308.1064213032542,0.3139805667826997,0.3072162509317396,0.3788031822855607,0.4328937617009641,0.1829664750679104,0.38413976323112525
311.203703205081,0.29331119579784776,0.22387795798196486,0.4828108462201874,0.4325566057446764,0.18306529507494917,0.3843780991803742
314.3321209564585,0.296991731223081,0.14925245964302533,0.5537558091338937,0.4322299433964316,0.18298381836306502,0.3847862382405031
317.4919875547694,0.30527269570414484,0.10157696166144976,0.5931503426344054,0.4319247577048636,0.18278812880368614,0.38528711349145
320.6836191438447,0.3071014960287145,0.09316971375914442,0.5997287902121411,0.43162542134592796,0.18257321653739225,0.3858013621166795
323.9073350455946,0.3004320782689776,0.12675060619090467,0.5728173155401177,0.43131156167349505,0.18243966962268776,0.38624876870381686
327.1634577919561,0.29312951996328795,0.1939452246684748,0.5129252553682372,0.43098177159781437,0.18246712918126956,0.38655109922091574
330.45231315716364,0.3021576303671968,0.2785146298753241,0.4193277397574791,0.43067504745202717,0.18269581370673157,0.38662913884124084
333.77423019034063,0.38041345307911895,0.3061709303662663,0.31341561655461475,0.43055566124211525,0.1829891037700559,0.3864552349878284
337.12954124842213,0.543514848942598,0.16090896939619562,0.29557618166120636,0.4308233370423534,0.18293678117675288,0.3862398817808933
340.5185820294062,0.5861858221249521,0.11033697587184875,0.30347720200319916,0.43119062424113025,0.18276515043135122,0.38604422532751814
343.94169160594225,0.35117886326325837,0.3238800515884515,0.3249410851482901,0.4310019172576919,0.18309796859445757,0.38590011414785014
347.39921245925245,0.304032854577561,0.10756541327724385,0.5884017321451951,0.43070316652197393,0.18292024493488765,0.386376588543138
350.8914905133988,0.29907350246858894,0.2668887786409543,0.4340377188904568,0.4303941767002524,0.18311735416893946,0.3864884691308078
354.4188751698918,0.5806273162113976,0.11722544172618814,0.3021472420624143,0.4307460107506298,0.18296304055666138,0.38629094869270847
357.9817193426495,0.36631949860938845,0.31504607661136586,0.3186344247792457,0.43059548151665494,0.18327164578108826,0.3861328727022565
361.5803794933041,0.3089802785804778,0.08497316416921384,0.6060465572503084,0.43031199619512533,0.18304251179131698,0.38664549201355725
365.21521566686766,0.521716103041478,0.18472343558683507,0.29356046137168695,0.4305245638854657,0.18304642091642284,0.38642901519811107
368.8865915277534,0.32164470233680265,0.3194830591636812,0.35887223849951616,0.43027194239695377,0.18336297924182252,0.38636507836122336
372.5948743961618,0.29896371793344445,0.26641262039435115,0.43462366167220434,0.4299679881736586,0.18355522378152744,0.38647678804481356
376.3404352848289,0.5172172983075499,0.18947013562486242,0.29331256606758765,0.4301694877351687,0.1835688840860155,0.3862616281788154
380.12364893614733,0.2980079714311543,0.1419620701072701,0.5600299584615755,0.4298649681123484,0.18347301585104142,0.3866620160366097
383.94489385965824,0.5624801766825542,0.13908411477150315,0.2984357085459426,0.4301698306607857,0.18337097240028388,0.38645919693893005
387.80455236992304,0.2937093683907752,0.1822745567733741,0.5240160748358507,0.42985684794915724,0.18336845768554327,0.38677469436529915
391.7030106247712,0.44442886546597904,0.25829703985785596,0.297274094676165,0.4298901935269989,0.18353991897197874,0.38656988750102195
395.6406586639371,0.3480840463265419,0.3255947243341993,0.3263212293392589,0.42970342150142704,0.18386424501161852,0.38643233348695405
399.6178904480823,0.29318639425352994,0.19241696149036722,0.5143966442561029,0.4293924487742109,0.18388372728150176,0.38672382394428695
403.6351038982129,0.6061174622042245,0.08488048890031392,0.3090020488954616,0.42979409653200634,0.1836587199215445,0.3865471835464487
407.6927009354893,0.3240739705479967,0.32276608309754234,0.35315994635446096,0.42955436835517186,0.18397415611922252,0.3864714755256051
411.7910875214395,0.3111229522195472,0.07607542314390833,0.6128016246365444,0.4292864239747745,0.18373004133873538,0.3869835346864896
415.9306736985749,0.37507294575391686,0.30960687886105775,0.3153201753850254,0.4291640459200999,0.18401418769883093,0.3868217663810687
420.1118736314165,0.6486079389035708,0.026544903784412703,0.3248471573120164,0.42965828892231495,0.18365952714947414,0.3866821839282104
424.3351056479294,0.4559187898388416,0.24843459719174235,0.2956466129694161,0.4297173012839251,0.1838050891046253,0.3864776096114491
428.60079228137846,0.3085371477225947,0.29605521318487116,0.3954076390925341,0.4294455969037428,0.1840567709971819,0.38649763209907484
432.90936031260105,0.29399172893720776,0.1781486121369644,0.5278596589258279,0.4291425681163456,0.1840435536395528,0.38681387824410113
437.2612408127089,0.3113913611190832,0.07499054512254748,0.6136180937583693,0.42887973060072676,0.1838001317455416,0.38732013765373113
441.65686918621344,0.3265132599252767,0.02114565739588379,0.6523410826788395,0.42865174291548075,0.18343787233719047,0.3879103847473283
446.0966852145901,0.3214180714152165,0.037999984157065854,0.6405819444277177,0.42841344586770236,0.18311467703012352,0.38847187710217357
450.58113310027744,0.30173089096052635,0.11946475839428514,0.5788043506451885,0.42813255328475963,0.18297354639013275,0.38889390032510707
455.1106615111195,0.29422476582280044,0.2364454055340659,0.46932982864313366,0.4278362971178084,0.18309184696346006,0.38907185591873106
459.6857236252564,0.36178705863527405,0.31776747609951944,0.3204454652652065,0.4276904930593481,0.18338914415802088,0.3889203627826306
464.30677717646205,0.5737302384344136,0.12564641536581797,0.3006233461997684,0.42801216650731083,0.1832619575307253,0.38872587596196345
468.97428449994214,0.49172084607994704,0.21528899205580065,0.2929901618642523,0.42815218558329465,0.1833323466175936,0.38851546779911134
473.6887125785898,0.29293109362684094,0.21224392522649757,0.4948249811466615,0.42785564810093396,0.18339574920226226,0.3887486026968033
478.45053308970876,0.2944964939951758,0.23915467994349243,0.4663488260613317,0.42756383375934587,0.1835177599916304,0.3889184062490233
483.2602224522021,0.6271152610783755,0.056758572901221174,0.3161261660204034,0.42799953556571935,0.18324099320759019,0.3887594712266901
488.11826187423924,0.29719150823336016,0.25785494442573936,0.4449535473409005,0.4277145507567164,0.18340355083551646,0.38888189840776677
493.0251374014002,0.3242387321514033,0.32297999776374225,0.35278127008485444,0.4274896033249657,0.18370697789405607,0.38880341878097785
497.981339965306,0.4264658126595108,0.2729521214716836,0.3005820658688057,0.42748738252091917,0.18390056822719628,0.3886120492518842
502.9873654327334,0.2975913884546385,0.2599505198684153,0.4424580916769462,0.4272062223606025,0.18406517851213397,0.3887285991272631
508.04371465522763,0.40146157025541007,0.2917774619167124,0.30676096782787754,0.4271506183603753,0.18429781843309417,0.38855156320653006
513.1508935192142,0.3673253002259941,0.3144333433420613,0.3182413564319446,0.4270216844850857,0.18457828292643244,0.3884000325884814
518.3094129966091,0.2937041217662451,0.18235707719852254,0.5239388010352324,0.4267349800491312,0.1845735061399208,0.3886915138109475
523.5197891959446,0.5894059067608679,0.1063046420110578,0.3042894512280743,0.42708405929100185,0.18440554720402194,0.3885103935049757
528.782543414003,0.35469225392782805,0.32189574320399394,0.323412002868178,0.4269290447184897,0.18469995875862574,0.388370996522884
534.0982021879763,0.32089911947118804,0.03977752630384307,0.6393233542249689,0.42670248504915786,0.18439029544141466,0.3889072195094269
539.4672973481413,0.30012961529156545,0.27121968256085865,0.4286507021475759,0.42643260686204143,0.1845754327273836,0.3889919604105743
544.8903660710721,0.44398550021701544,0.25866999974589244,0.2973445000370921,0.4264699534436478,0.18473308074231662,0.388796965814035
550.3679509333831,0.5814302927725974,0.1162359704492515,0.3023337367781511,0.4267989562872337,0.18458765163341415,0.3886133920793516
555.9005999660162,0.6587932789315881,0.011706079108603896,0.32950064195980794,0.42729046968266665,0.1842213771153531,0.38848815320197966
561.4888667090671,0.6625352258138064,0.006168446031436205,0.3312963281547574,0.42778781589013204,0.1838449438572476,0.3883672402526198
567.1333102671698,0.6152110111020846,0.07286808743359292,0.31192090146432244,0.4281832234749674,0.18361081546816813,0.3882059610568639
572.8344953654334,0.4964719369625579,0.2106172409650976,0.2929108220723445,0.42832698918757284,0.18366767110079324,0.38800533971163337
578.5929924059451,0.32180615501988385,0.3197090537583358,0.35848479122178034,0.42810320592251466,0.1839534723248637,0.38794332175262103
584.4093775248353,0.31061747047545113,0.07813566892539642,0.6112468605991525,0.42785690459034054,0.1837316320661646,0.38841146334349425
590.284232649922,0.30765570995244,0.2939793825071533,0.3983649075404067,0.4276054376559516,0.18396227589553907,0.38843228644850875
596.2181455589316,0.662904628150705,0.005619241471136541,0.33147613037815843,0.42809666769873816,0.18358995223285765,0.3883133800684036
602.2117099383083,0.29506473874495037,0.2440905765984032,0.46084468465664646,0.42781951784675104,0.1837159952002859,0.38846448695296243
608.2655254426086,0.33056413243998656,0.3304570140348975,0.338978853525116,0.42761732369829625,0.18402107008351792,0.38836160621818516
614.3801977544987,0.4003023438554307,0.2926051209034348,0.3070925352411345,0.42756065361563467,0.18424634819725216,0.3881929981871125
620.5563386453523,0.31104365015833274,0.30151555207064135,0.3874407977710259,0.42731941758363196,0.1844891415800128,0.38819144083635454
626.7945660364601,0.3178662588780383,0.31384091485019217,0.3682928262717695,0.42709327469374436,0.18475639730990986,0.38815032799634513
633.0955040608492,0.5275102704188744,0.17852540151488894,0.29396432806623657,0.42730032004575497,0.18474354989589953,0.3879561300583449
639.4597831257297,0.2993333320239039,0.13333829213323506,0.567328375842861,0.42703701348603923,0.18463777776058538,0.3883252087533748
645.8880399755661,0.3038547914641097,0.28384312365512726,0.41230208488076303,0.4267840725783967,0.18484148483634422,0.3883744425852585
652.3809177557852,0.5317539251475942,0.17392544714228786,0.2943206277101179,0.42699917473530075,0.18481911590664327,0.38818170935805535
658.9390660771192,0.6008449187799987,0.09173042348430036,0.307424657735701,0.42735468750430833,0.1846287504824667,0.3880165620132244
665.5631410806016,0.4833956001107837,0.22332116621688594,0.2932832336723304,0.42746905671370933,0.18470771459621044,0.3878232286900797
672.2538055032128,0.4448307580412097,0.2579584774223003,0.29721076453649,0.4275044165942134,0.1848569014858766,0.3876386819199094
679.0117287441891,0.4855927887753735,0.22122038634904226,0.2931868248755843,0.42762248239132955,0.18493081100795622,0.3874467066007137
685.8375869319921,0.6072821941963386,0.08335596114757099,0.3093618446560904,0.4279869037134492,0.18472477682974045,0.38728831945680975
692.732062991958,0.5177037459652716,0.1889596496889778,0.2933366043457506,0.4281685167544448,0.1847333494468644,0.3870981337986902
699.6958467146221,0.2979854746541421,0.26191279829020025,0.44010172705565764,0.42790552070979776,0.1848892675253358,0.3872052117648659
706.7296348247361,0.29339736871340266,0.18772511213209833,0.518877519154499,0.42763433491948244,0.18489498495397846,0.3874706801265385
713.8341310509697,0.6068713235838206,0.08389422303158835,0.3092344533845911,0.42799497272363607,0.18469176410504004,0.3873132631713233
721.0100461963224,0.2930385015190017,0.2170965777974479,0.4898649206835504,0.42772397579350624,0.18475683401205292,0.38751919019444026
728.2580982092369,0.459707152224003,0.2450998943044782,0.2951929534715188,0.42778807033545113,0.18487776198859085,0.3873341676759574
735.5790122554332,0.2932777037744481,0.19023599861688173,0.5164862976086702,0.4275190496023291,0.18488847846184742,0.38759247193582286
742.9735207904565,0.6649193204669422,0.002615873716438637,0.33246480581661914,0.4279929024383862,0.1845246608875053,0.38748243667410787
750.4423636329622,0.29974620301988986,0.2696966505178885,0.43055714646222165,0.42773743092560035,0.18469432620549409,0.38756824286890496
757.9862880387327,0.2993546279552206,0.13320627866329687,0.5674390933814826,0.427482196724864,0.18459196428195096,0.38792583899318445
765.6060487754443,0.3402918845022808,0.3297727658773183,0.3299353496204009,0.4273092000736287,0.18488002142797352,0.3878107784983972
773.3024081981756,0.48810019601035637,0.21880629662499645,0.2930935073646472,0.4274295782834044,0.1849472021709379,0.3876232195456571
781.0761363256847,0.539277598161154,0.16564405746121513,0.295078344377631,0.42765062180094937,0.18490905366360647,0.3874403245354436
788.928010917448,0.4960993973881202,0.2109858666349171,0.29291473597696266,0.42778562924786684,0.18496048721976288,0.38725388353236967
796.858817551477,0.35493068222131247,0.3217596354857258,0.32330968229296175,0.4276422139978146,0.18522977688170375,0.38712800912048106
804.8693497029121,0.2967469070507566,0.1511230284119591,0.5521300645372843,0.42738505229457874,0.1851627695173231,0.3874521781880976
812.960408823411,0.29790579344089585,0.26152368205797577,0.4405705245011284,0.4271311713948656,0.18531249679681455,0.3875563318083192
821.1328044213329,0.6639121362559007,0.004119018089504163,0.33196884565459517,0.42759453923216706,0.18495791073280807,0.3874475500350243
829.3873541427334,0.2958817098554582,0.15819752423233796,0.5459207659122038,0.4273372876122907,0.18490564435292434,0.3877570680347844
837.7248838531639,0.5275493190842402,0.17848330766610307,0.29396737324965677,0.4275326327028793,0.18489312517809622,0.38757424211902386
846.1462277203032,0.31112930375743353,0.07604967901110875,0.6128210172314577,0.42730616708236285,0.18468136750072853,0.388012465416908
854.6522282974142,0.5263355903309694,0.1797896629802535,0.2938747466887771,0.4274984572245932,0.18467186904534896,0.3878296737300572
863.2437366076414,0.44035733106507585,0.26170071787720217,0.297941951057722,0.42752337752273367,0.18482114976013939,0.3876554727171263
871.9216122291579,0.2931462248312147,0.22022801401883446,0.4866257611499508,0.4272634603995392,0.18488963499081384,0.38784690460964627
880.6867233811613,0.3187971020502433,0.04710850614895577,0.6340943918008008,0.4270540658853514,0.1846236482555979,0.38832228585905004
889.5399470107424,0.3301142176257792,0.009802931055164627,0.6600828513190562,0.4268672839041191,0.18428680679663753,0.3888459092992428
898.4821688806212,0.30626751301938876,0.09694603000522639,0.5967864569753849,0.42663536126780227,0.18411884376434634,0.3892457949678507
907.5142836577716,0.3040709036977702,0.2844804738182282,0.4114486224840016,0.4264001127887811,0.1843114764515899,0.38928841075962833
916.6371950029264,0.5589670875892053,0.14320508870553653,0.2978278237052582,0.426654072510621,0.1842327285823446,0.3891131989070338
925.8518156609928,0.3539773123282909,0.32230276971631655,0.32371991795539257,0.4265151112100811,0.18449672483690285,0.3889881639530154
935.1590675523694,0.29332285241817907,0.22410426848031212,0.4825728791015088,0.4262609275100966,0.1845723117522529,0.3891667607376499
944.5598818651888,0.4921106160125817,0.21490813567693193,0.2929812483104864,0.4263863554881966,0.1846300942740142,0.38898355023778863
954.0551991484765,0.31269748645364,0.3048083748317776,0.38249413871458243,0.42617021695391033,0.18485857009256507,0.388971212953524
963.6459694062567,0.2933485652360429,0.18871056318478255,0.5179408715791746,0.4259181834591895,0.18486587937737003,0.38921593716343983
973.3331521925978,0.45964576904001425,0.2451542537233624,0.29519997723662333,0.4259820614621835,0.18498006190454047,0.3890378766332754
983.1177167076196,0.6434063033939681,0.033992592599931835,0.32260110400610015,0.42639307137131727,0.18469464135765085,0.3889122872710312
993.0006418944554,0.6286448603563825,0.054656683478968224,0.3166984561646493,0.42677467852034573,0.1844492867201439,0.3887760347595098
1002.9829165371995,0.633755295793024,0.04758092201331074,0.3186637821936652,0.42716447252650896,0.18419153085440598,0.38864399661908444
1013.065539359832,0.4382275674626619,0.2634620599060488,0.29831037263128934,0.42718526781774235,0.18434053560826244,0.38847419657399457
1023.2495191261455,0.297546889736354,0.14518345040377767,0.5572696598598683,0.4269420438438561,0.18426707015759738,0.3887908859985459
1033.5358747406656,0.35373859219643305,0.3224383086029342,0.32382309920063274,0.4268049587284115,0.18452581779513547,0.38866922347645244
1043.9256353505955,0.386759850884731,0.3019732884781889,0.31126686063708003,0.4267301080595448,0.18474534577772062,0.388524546162734
1054.4198404487804,0.3457180763079002,0.3268844631191601,0.3273974605729397,0.4265789662092619,0.18501053069813375,0.3884105030926038
1065.0195399777126,0.2957792964723558,0.15909199468820465,0.5451287088394395,0.42633539140528254,0.18496226526794768,0.38870234332676923
1075.7257944345718,0.4487031654827767,0.2546724592989079,0.29662437521831536,0.4263769671935307,0.18509183811930632,0.38853119468716246
1086.539674977331,0.6332071637402729,0.04834379037581106,0.3184490458839161,0.42676069668619626,0.1848381311661644,0.3884011721476388
1097.4622635319247,0.653661801503625,0.019224594195768812,0.3271136043006062,0.42718088391733966,0.18453143943103403,0.3882876766516257
1108.4946529004983,0.5788884156554567,0.1193617084052153,0.301749875939328,0.4274613044935654,0.1844109778210048,0.38812771768542925
1119.6379468707376,0.3364459867427538,0.3317606949769796,0.33179331828026665,0.42729337955306573,0.18468284076778704,0.38802377967914664
1130.893260326305,0.3103699839580892,0.07915277636324704,0.6104772396786637,0.4270780510160584,0.1844884944245006,0.3884334545594404
1142.2617193583828,0.5929144246756968,0.10187606127986712,0.30520951404443614,0.42738289729116796,0.1843366333341612,0.3882804693746702
1153.7444613783427,0.3123662421810003,0.07110089741533245,0.6165328604036673,0.4271718575570209,0.18412886134164957,0.3886992811013289
1165.342635231535,0.538820142623911,0.16615219233209164,0.29502766504399736,0.42737634159560495,0.18409593703943428,0.38852772136496017
1177.0574013122368,0.45756000069424896,0.24699496019798386,0.2954450391077672,0.42743152195958783,0.18421092611285028,0.3883575519275613
1188.8899316797458,0.3093262328966664,0.29784127018913403,0.3928324969141995,0.4272160013591081,0.18441828075532524,0.38836571788556606
1200.8414101756498,0.3028165267319958,0.2806556380954546,0.4165278351725496,0.42698940850914974,0.18459357648818522,0.3884170150026644
1212.913032542262,0.3888437962514198,0.3005679796390187,0.31058822410956144,0.42692005285049933,0.18480443903936855,0.38827550811013145
1225.1060065422603,0.648219596315654,0.027103957646481436,0.3246764460378646,0.4273216854157718,0.18451823126914552,0.388160083315082
1237.4215520795196,0.2935510384627657,0.22801125203434114,0.47843770950289316,0.4270793472872338,0.18459702297343028,0.38832362973933526
1249.8609013211703,0.437797316471599,0.2638162896705077,0.29838639385789334,0.427098728786663,0.18474027662026044,0.3881609945930759
1262.4252988208666,0.29813731836376195,0.1410812036746554,0.5607814779615826,0.4268659464573798,0.18466146962938387,0.38847258391323564
1275.11600164331,0.47731227238880874,0.22906619134835868,0.29362153626283255,0.42695684073833734,0.18474147813698563,0.38830168112467633
1287.9342794900156,0.6548279941070002,0.017523539305102222,0.3276484665878976,0.4273666809422378,0.1844407264484391,0.38819259260932243
1300.8814148263496,0.6256831589390599,0.05871985619032856,0.3155969848706115,0.42772272488837215,0.1842150157298428,0.38806225938178435
1313.9587030098332,0.5585792857506363,0.143657807090443,0.29776290715892073,0.4279572348540751,0.18414233256023818,0.387900432585686
1327.1674524197476,0.2995184158270235,0.26876610011369767,0.43171548405927884,0.4277274695248675,0.1842937167597971,0.38797881371533466
1340.5089845880336,0.3066033399950604,0.2913789846711624,0.4020176753337772,0.42751117643642145,0.184484940452496,0.3880038831110819
1353.9846343315169,0.38497230615475464,0.30316812958295797,0.3118595642622874,0.42743534957317425,0.18469649693935958,0.3878681534874655
1367.5957498854473,0.48365185979546504,0.223076855217379,0.29327128498715593,0.427535378950794,0.18476478939181157,0.38769983165739375
1381.3436930383955,0.2945862852914691,0.23999326864659792,0.46542044606193295,0.42729923491232275,0.18486288615780588,0.38783787892987076
1395.2298392684963,0.29751708693882983,0.14539632594522675,0.5570865871159435,0.4270691247208804,0.1847929099872162,0.3881379652919028
1409.2555778810702,0.2948102615881027,0.24198262385568836,0.46320711455620894,0.42683503823745955,0.18489413071972677,0.38827083104281307
1423.4223121476157,0.49234797613031744,0.21467599309660743,0.2929760307730751,0.4269507854775529,0.18494674885113468,0.3881024656713118
1437.731459446211,0.36018086712602715,0.3187161944118327,0.32110293846214016,0.42683302548046026,0.18518267379921352,0.3879843007203256
1452.1844514033191,0.3262847659100366,0.32555031461338163,0.34816491947658185,0.4266560038967095,0.18542979992740746,0.38791419617588235
1466.7827340370288,0.2940593868412095,0.1772365133384605,0.52870409982033,0.4264229694203378,0.18541540047821775,0.3881616301014437
1481.527767901719,0.39419436160270355,0.2968992165520071,0.3089064218452894,0.42636642800311386,0.18561098612045246,0.3880225858764329
1496.4210282341917,0.44599800720554716,0.2569725252838707,0.2970294675105821,0.4264008090525052,0.18573596254630784,0.38786322840118626
1511.4640051012673,0.31473663814825537,0.3085802806091579,0.37668308124258676,0.4262055919705047,0.18595072534012402,0.38784368268937053
1526.6582035488716,0.305735051605758,0.09940668193543399,0.594858266458808,0.42599534669936207,0.18579968861515947,0.3882049646854777
1542.0051437526051,0.6413807745531235,0.03686914485234011,0.32175008059453647,0.4263705826363895,0.1855402277375239,0.38808918962608585
1557.5063611698426,0.300133993521614,0.1284952387369789,0.5713707677414072,0.4261510407422769,0.18544101906100122,0.3884079401967212
1573.1634066933534,0.30007545922420176,0.2710077216971242,0.428916819078674,0.42593215952436353,0.1855895723641889,0.38847826811144676
1588.9778468064717,0.3551487072137634,0.32163501448491333,0.32321627830132327,0.4258094845636866,0.1858253530264432,0.3883651624098694
1604.9512637398157,0.30222252355816503,0.27872991115032425,0.4190475652915107,0.4255956662920507,0.1859860875560693,0.3884182461518792
1621.0852556295943,0.3034521167377192,0.11046348768783282,0.5860843955744479,0.42538471024791547,0.18585565128686682,0.388759638465217
1637.3814366774989,0.6316241805994295,0.05054159849173654,0.31783422090883395,0.42574029554162496,0.18562235119584072,0.38863735326253357
1653.8414373122027,0.3029066920203811,0.11324546969492529,0.5838478382846936,0.42552887797962624,0.18549777825005603,0.38897334377031695
1670.4669043524905,0.3001154931212863,0.2711645076893891,0.4287199991893246,0.42531339106406213,0.18564497194325075,0.3890416369926864
1687.2595011720134,0.3298769054453444,0.3297085546449974,0.3404145399096582,0.42514969211788933,0.18589207928922288,0.38895822859288703
1704.220907865715,0.2930534450937343,0.21759006246163298,0.4893564924446327,0.42492349991408085,0.1859463566576688,0.38913014342824964
1721.3528214179205,0.2954743466952526,0.24720822489737068,0.45731742840737677,0.42470221931028795,0.18605107779995889,0.38924670288975244
1738.656955872128,0.49358714716189117,0.21346147255032744,0.2929513802877814,0.4248197703817071,0.18609785321762162,0.38908237640067056
1756.1350425024866,0.38201519534075157,0.3051231980990547,0.31286160656019374,0.42474684947022334,0.18630062211861215,0.3889525284111638
1773.788829987017,0.29289860061578354,0.20905216703860782,0.4980492323456086,0.4245226177544845,0.18633931522221758,0.3891380670232972
1791.6200845825624,0.29508079038768525,0.24421875108260066,0.4607004585297141,0.42430285234299586,0.1864375825156987,0.3892595651413047
1809.630590301511,0.4981992049655811,0.2089029901056038,0.2928978049288151,0.4244281003982884,0.18647565947771547,0.3890962401239954
1827.8221490902722,0.31351601693326353,0.30635837773221264,0.38012560533452383,0.42424043189834754,0.18667850671672478,0.38908106138492693
1846.1965810095712,0.5178990255117122,0.18875453159492417,0.29334644289336365,0.4243986389821539,0.1866820135155055,0.3889193475023398
1864.7557244165396,0.30318861365685174,0.28182283222704024,0.414988554116108,0.42419423759037433,0.18684245334469865,0.38896330906492627
1883.501436148651,0.3031499591782625,0.2817029152772996,0.41514712554443783,0.4239904593438893,0.18700215109205992,0.38900738956405007
1902.435591709486,0.5204254246047116,0.18609110319873218,0.2934834721965561,0.4241525349157562,0.18700061991912997,0.3888468451651131
1921.5600854563831,0.3087240470437198,0.2964842151422576,0.3947917378140226,0.42395886295623936,0.18718431722655132,0.38885681981720854
1940.876830789965,0.5390314655294662,0.16591753219820216,0.2950510022723316,0.42415161438433524,0.18714869447105995,0.3886996911446041
1960.387760345581,0.3170221564336474,0.3124793207730911,0.3704985227932615,0.4239724681335815,0.1873582774581871,0.38866925440823064
1980.0948261866558,0.3355487007257769,0.3322173813224504,0.3322339179517727,0.42382484915627305,0.18760011235612412,0.38857503848760216
2000.0,0.6570308290941362,0.014298179237856165,0.32867099166800756,0.42421352578950283,0.187311275800927,0.3884751984095695
